<?xml version="1.0" encoding="utf-8" ?>
<dwsync>
<file name="font_collections.php" server="ftp.gimnasiolasabana.com/public_html/gimnasiolasabana.com/" local="129747842300000000" remote="130094115600000000" />
<file name="font_coverage.php" server="ftp.gimnasiolasabana.com/public_html/gimnasiolasabana.com/" local="129747842720000000" remote="130094115600000000" />
<file name="font_dump.php" server="ftp.gimnasiolasabana.com/public_html/gimnasiolasabana.com/" local="129817872040000000" remote="130094115600000000" />
<file name="font_names.php" server="ftp.gimnasiolasabana.com/public_html/gimnasiolasabana.com/" local="129301185520000000" remote="130094115600000000" />
<file name="index.php" server="ftp.gimnasiolasabana.com/public_html/gimnasiolasabana.com/" local="129302897660000000" remote="130094115600000000" />
<file name="UnicodeData.txt" server="ftp.gimnasiolasabana.com/public_html/gimnasiolasabana.com/" local="129253677760000000" remote="130094115600000000" />
<file name="UnicodeRanges.php" server="ftp.gimnasiolasabana.com/public_html/gimnasiolasabana.com/" local="129254554900000000" remote="130094115600000000" />
<file name="font_collections.php" server="ftp.elclubdelfutbol.com//public_html/" local="129747842300000000" remote="130395645600000000" />
<file name="font_coverage.php" server="ftp.elclubdelfutbol.com//public_html/" local="129747842720000000" remote="130395645600000000" />
<file name="font_dump.php" server="ftp.elclubdelfutbol.com//public_html/" local="129817872040000000" remote="130395645600000000" />
<file name="font_names.php" server="ftp.elclubdelfutbol.com//public_html/" local="129301185520000000" remote="130395645600000000" />
<file name="index.php" server="ftp.elclubdelfutbol.com//public_html/" local="129302897660000000" remote="130395645600000000" />
<file name="UnicodeData.txt" server="ftp.elclubdelfutbol.com//public_html/" local="129253677760000000" remote="130395646200000000" />
<file name="UnicodeRanges.php" server="ftp.elclubdelfutbol.com//public_html/" local="129254554900000000" remote="130395646200000000" />
</dwsync>