<?xml version="1.0" encoding="utf-8" ?>
<dwsync>
<file name="barcode.php" server="ftp.gimnasiolasabana.com/public_html/gimnasiolasabana.com/" local="129723527520000000" remote="130094107200000000" />
<file name="bmp.php" server="ftp.gimnasiolasabana.com/public_html/gimnasiolasabana.com/" local="129708171100000000" remote="130094107200000000" />
<file name="directw.php" server="ftp.gimnasiolasabana.com/public_html/gimnasiolasabana.com/" local="130031848100000000" remote="130094107200000000" />
<file name="form.php" server="ftp.gimnasiolasabana.com/public_html/gimnasiolasabana.com/" local="129726311780000000" remote="130094107200000000" />
<file name="gif.php" server="ftp.gimnasiolasabana.com/public_html/gimnasiolasabana.com/" local="129286385920000000" remote="130094107200000000" />
<file name="grad.php" server="ftp.gimnasiolasabana.com/public_html/gimnasiolasabana.com/" local="129737120620000000" remote="130094107200000000" />
<file name="indic.php" server="ftp.gimnasiolasabana.com/public_html/gimnasiolasabana.com/" local="129696979740000000" remote="130094107200000000" />
<file name="meter.php" server="ftp.gimnasiolasabana.com/public_html/gimnasiolasabana.com/" local="130021765280000000" remote="130094107200000000" />
<file name="svg.php" server="ftp.gimnasiolasabana.com/public_html/gimnasiolasabana.com/" local="129754829580000000" remote="130094107200000000" />
<file name="tocontents.php" server="ftp.gimnasiolasabana.com/public_html/gimnasiolasabana.com/" local="129764359400000000" remote="130094107200000000" />
<file name="ttfontsuni.php" server="ftp.gimnasiolasabana.com/public_html/gimnasiolasabana.com/" local="129752791960000000" remote="130094107200000000" />
<file name="ttfontsuni_analysis.php" server="ftp.gimnasiolasabana.com/public_html/gimnasiolasabana.com/" local="129747946620000000" remote="130094107200000000" />
<file name="wmf.php" server="ftp.gimnasiolasabana.com/public_html/gimnasiolasabana.com/" local="129717400800000000" remote="130094107200000000" />
<file name="barcode.php" server="ftp.elclubdelfutbol.com//public_html/" local="129723527520000000" remote="130395636000000000" />
<file name="bmp.php" server="ftp.elclubdelfutbol.com//public_html/" local="129708171100000000" remote="130395636000000000" />
<file name="directw.php" server="ftp.elclubdelfutbol.com//public_html/" local="130031848100000000" remote="130395636000000000" />
<file name="form.php" server="ftp.elclubdelfutbol.com//public_html/" local="129726311780000000" remote="130395636000000000" />
<file name="gif.php" server="ftp.elclubdelfutbol.com//public_html/" local="129286385920000000" remote="130395636000000000" />
<file name="grad.php" server="ftp.elclubdelfutbol.com//public_html/" local="129737120620000000" remote="130395636000000000" />
<file name="indic.php" server="ftp.elclubdelfutbol.com//public_html/" local="129696979740000000" remote="130395636000000000" />
<file name="meter.php" server="ftp.elclubdelfutbol.com//public_html/" local="130021765280000000" remote="130395636000000000" />
<file name="svg.php" server="ftp.elclubdelfutbol.com//public_html/" local="129754829580000000" remote="130395636600000000" />
<file name="tocontents.php" server="ftp.elclubdelfutbol.com//public_html/" local="129764359400000000" remote="130395636600000000" />
<file name="ttfontsuni.php" server="ftp.elclubdelfutbol.com//public_html/" local="129752791960000000" remote="130395636600000000" />
<file name="ttfontsuni_analysis.php" server="ftp.elclubdelfutbol.com//public_html/" local="129747946620000000" remote="130395636600000000" />
<file name="wmf.php" server="ftp.elclubdelfutbol.com//public_html/" local="129717400800000000" remote="130395636600000000" />
</dwsync>