<?xml version="1.0" encoding="utf-8" ?>
<dwsync>
<file name="de.php" server="ftp.gimnasiolasabana.com/public_html/gimnasiolasabana.com/" local="129029046140000000" remote="130094110800000000" />
<file name="dictionary.txt" server="ftp.gimnasiolasabana.com/public_html/gimnasiolasabana.com/" local="128857891040000000" remote="130094110800000000" />
<file name="en.php" server="ftp.gimnasiolasabana.com/public_html/gimnasiolasabana.com/" local="129029056040000000" remote="130094110800000000" />
<file name="es.php" server="ftp.gimnasiolasabana.com/public_html/gimnasiolasabana.com/" local="129029045180000000" remote="130094110800000000" />
<file name="fi.php" server="ftp.gimnasiolasabana.com/public_html/gimnasiolasabana.com/" local="129029044620000000" remote="130094110800000000" />
<file name="fr.php" server="ftp.gimnasiolasabana.com/public_html/gimnasiolasabana.com/" local="129029055820000000" remote="130094110800000000" />
<file name="it.php" server="ftp.gimnasiolasabana.com/public_html/gimnasiolasabana.com/" local="129029056160000000" remote="130094110800000000" />
<file name="nl.php" server="ftp.gimnasiolasabana.com/public_html/gimnasiolasabana.com/" local="129029056480000000" remote="130094110800000000" />
<file name="NOTES.txt" server="ftp.gimnasiolasabana.com/public_html/gimnasiolasabana.com/" local="128857480780000000" remote="130094110800000000" />
<file name="pl.php" server="ftp.gimnasiolasabana.com/public_html/gimnasiolasabana.com/" local="129029056900000000" remote="130094110800000000" />
<file name="ru.php" server="ftp.gimnasiolasabana.com/public_html/gimnasiolasabana.com/" local="129029057780000000" remote="130094110800000000" />
<file name="sv.php" server="ftp.gimnasiolasabana.com/public_html/gimnasiolasabana.com/" local="129029058500000000" remote="130094110800000000" />
<file name="de.php" server="ftp.elclubdelfutbol.com//public_html/" local="129029046140000000" remote="130395640200000000" />
<file name="dictionary.txt" server="ftp.elclubdelfutbol.com//public_html/" local="128857891040000000" remote="130395640200000000" />
<file name="en.php" server="ftp.elclubdelfutbol.com//public_html/" local="129029056040000000" remote="130395640200000000" />
<file name="es.php" server="ftp.elclubdelfutbol.com//public_html/" local="129029045180000000" remote="130395640200000000" />
<file name="fi.php" server="ftp.elclubdelfutbol.com//public_html/" local="129029044620000000" remote="130395640200000000" />
<file name="fr.php" server="ftp.elclubdelfutbol.com//public_html/" local="129029055820000000" remote="130395640200000000" />
<file name="it.php" server="ftp.elclubdelfutbol.com//public_html/" local="129029056160000000" remote="130395640200000000" />
<file name="nl.php" server="ftp.elclubdelfutbol.com//public_html/" local="129029056480000000" remote="130395640200000000" />
<file name="NOTES.txt" server="ftp.elclubdelfutbol.com//public_html/" local="128857480780000000" remote="130395640200000000" />
<file name="pl.php" server="ftp.elclubdelfutbol.com//public_html/" local="129029056900000000" remote="130395640200000000" />
<file name="ru.php" server="ftp.elclubdelfutbol.com//public_html/" local="129029057780000000" remote="130395640200000000" />
<file name="sv.php" server="ftp.elclubdelfutbol.com//public_html/" local="129029058500000000" remote="130395640800000000" />
</dwsync>