<?xml version="1.0" encoding="utf-8" ?>
<dwsync>
<file name="functions.php" server="ftp.gimnasiolasabana.com/public_html/gimnasiolasabana.com/" local="130033925380000000" remote="130094110200000000" />
<file name="CJKdata.php" server="ftp.gimnasiolasabana.com/public_html/gimnasiolasabana.com/" local="128857004480000000" remote="130094110200000000" />
<file name="ind_bn_1_001.volt.php" server="ftp.gimnasiolasabana.com/public_html/gimnasiolasabana.com/" local="129399609600000000" remote="130094110200000000" />
<file name="ind_gu_1_001.volt.php" server="ftp.gimnasiolasabana.com/public_html/gimnasiolasabana.com/" local="129010931580000000" remote="130094110200000000" />
<file name="ind_hi_1_001.volt.php" server="ftp.gimnasiolasabana.com/public_html/gimnasiolasabana.com/" local="129010931640000000" remote="130094110200000000" />
<file name="ind_kn_1_001.volt.php" server="ftp.gimnasiolasabana.com/public_html/gimnasiolasabana.com/" local="129010931720000000" remote="130094110200000000" />
<file name="ind_ml_1_001.volt.php" server="ftp.gimnasiolasabana.com/public_html/gimnasiolasabana.com/" local="129010931800000000" remote="130094110200000000" />
<file name="ind_or_1_001.volt.php" server="ftp.gimnasiolasabana.com/public_html/gimnasiolasabana.com/" local="129010931860000000" remote="130094110200000000" />
<file name="ind_pa_1_001.volt.php" server="ftp.gimnasiolasabana.com/public_html/gimnasiolasabana.com/" local="129010931940000000" remote="130094110200000000" />
<file name="ind_ta_1_001.volt.php" server="ftp.gimnasiolasabana.com/public_html/gimnasiolasabana.com/" local="129069703820000000" remote="130094110200000000" />
<file name="ind_te_1_001.volt.php" server="ftp.gimnasiolasabana.com/public_html/gimnasiolasabana.com/" local="129010932080000000" remote="130094110200000000" />
<file name="no_image.jpg" server="ftp.gimnasiolasabana.com/public_html/gimnasiolasabana.com/" local="129048889760000000" remote="130094110200000000" />
<file name="out.php" server="ftp.gimnasiolasabana.com/public_html/gimnasiolasabana.com/" local="129694842020000000" remote="130094110200000000" />
<file name="subs_core.php" server="ftp.gimnasiolasabana.com/public_html/gimnasiolasabana.com/" local="129070484980000000" remote="130094110200000000" />
<file name="subs_win-1252.php" server="ftp.gimnasiolasabana.com/public_html/gimnasiolasabana.com/" local="129257118560000000" remote="130094110200000000" />
<file name="upperCase.php" server="ftp.gimnasiolasabana.com/public_html/gimnasiolasabana.com/" local="129298404480000000" remote="130094110200000000" />
<file name="CJKdata.php" server="ftp.elclubdelfutbol.com//public_html/" local="128857004480000000" remote="130395639600000000" />
<file name="functions.php" server="ftp.elclubdelfutbol.com//public_html/" local="130033925380000000" remote="130395639600000000" />
<file name="ind_bn_1_001.volt.php" server="ftp.elclubdelfutbol.com//public_html/" local="129399609600000000" remote="130395639600000000" />
<file name="ind_gu_1_001.volt.php" server="ftp.elclubdelfutbol.com//public_html/" local="129010931580000000" remote="130395639600000000" />
<file name="ind_hi_1_001.volt.php" server="ftp.elclubdelfutbol.com//public_html/" local="129010931640000000" remote="130395639600000000" />
<file name="ind_kn_1_001.volt.php" server="ftp.elclubdelfutbol.com//public_html/" local="129010931720000000" remote="130395639600000000" />
<file name="ind_ml_1_001.volt.php" server="ftp.elclubdelfutbol.com//public_html/" local="129010931800000000" remote="130395639600000000" />
<file name="ind_or_1_001.volt.php" server="ftp.elclubdelfutbol.com//public_html/" local="129010931860000000" remote="130395639600000000" />
<file name="ind_pa_1_001.volt.php" server="ftp.elclubdelfutbol.com//public_html/" local="129010931940000000" remote="130395639600000000" />
<file name="ind_ta_1_001.volt.php" server="ftp.elclubdelfutbol.com//public_html/" local="129069703820000000" remote="130395639600000000" />
<file name="ind_te_1_001.volt.php" server="ftp.elclubdelfutbol.com//public_html/" local="129010932080000000" remote="130395639600000000" />
<file name="no_image.jpg" server="ftp.elclubdelfutbol.com//public_html/" local="129048889760000000" remote="130395639600000000" />
<file name="out.php" server="ftp.elclubdelfutbol.com//public_html/" local="129694842020000000" remote="130395639600000000" />
<file name="subs_core.php" server="ftp.elclubdelfutbol.com//public_html/" local="129070484980000000" remote="130395639600000000" />
<file name="subs_win-1252.php" server="ftp.elclubdelfutbol.com//public_html/" local="129257118560000000" remote="130395639600000000" />
<file name="upperCase.php" server="ftp.elclubdelfutbol.com//public_html/" local="129298404480000000" remote="130395639600000000" />
</dwsync>