<?xml version="1.0" encoding="utf-8" ?>
<dwsync>
<file name="ccourier.php" server="ftp.gimnasiolasabana.com/public_html/gimnasiolasabana.com/" local="129036026460000000" remote="130094109000000000" />
<file name="ccourierb.php" server="ftp.gimnasiolasabana.com/public_html/gimnasiolasabana.com/" local="129036026760000000" remote="130094109600000000" />
<file name="ccourierbi.php" server="ftp.gimnasiolasabana.com/public_html/gimnasiolasabana.com/" local="129036026880000000" remote="130094109600000000" />
<file name="ccourieri.php" server="ftp.gimnasiolasabana.com/public_html/gimnasiolasabana.com/" local="129036026620000000" remote="130094109600000000" />
<file name="chelvetica.php" server="ftp.gimnasiolasabana.com/public_html/gimnasiolasabana.com/" local="129424748660000000" remote="130094109600000000" />
<file name="chelveticab.php" server="ftp.gimnasiolasabana.com/public_html/gimnasiolasabana.com/" local="129424749920000000" remote="130094109600000000" />
<file name="chelveticabi.php" server="ftp.gimnasiolasabana.com/public_html/gimnasiolasabana.com/" local="129424750200000000" remote="130094109600000000" />
<file name="chelveticai.php" server="ftp.gimnasiolasabana.com/public_html/gimnasiolasabana.com/" local="129424750460000000" remote="130094109600000000" />
<file name="csymbol.php" server="ftp.gimnasiolasabana.com/public_html/gimnasiolasabana.com/" local="129036029460000000" remote="130094109600000000" />
<file name="ctimes.php" server="ftp.gimnasiolasabana.com/public_html/gimnasiolasabana.com/" local="129424750780000000" remote="130094109600000000" />
<file name="ctimesb.php" server="ftp.gimnasiolasabana.com/public_html/gimnasiolasabana.com/" local="129424751040000000" remote="130094109600000000" />
<file name="ctimesbi.php" server="ftp.gimnasiolasabana.com/public_html/gimnasiolasabana.com/" local="129424751300000000" remote="130094109600000000" />
<file name="ctimesi.php" server="ftp.gimnasiolasabana.com/public_html/gimnasiolasabana.com/" local="129424751580000000" remote="130094109600000000" />
<file name="czapfdingbats.php" server="ftp.gimnasiolasabana.com/public_html/gimnasiolasabana.com/" local="129036029880000000" remote="130094109600000000" />
<file name="ccourier.php" server="ftp.elclubdelfutbol.com//public_html/" local="129036026460000000" remote="130395638400000000" />
<file name="ccourierb.php" server="ftp.elclubdelfutbol.com//public_html/" local="129036026760000000" remote="130395638400000000" />
<file name="ccourierbi.php" server="ftp.elclubdelfutbol.com//public_html/" local="129036026880000000" remote="130395638400000000" />
<file name="ccourieri.php" server="ftp.elclubdelfutbol.com//public_html/" local="129036026620000000" remote="130395639000000000" />
<file name="chelvetica.php" server="ftp.elclubdelfutbol.com//public_html/" local="129424748660000000" remote="130395639000000000" />
<file name="chelveticab.php" server="ftp.elclubdelfutbol.com//public_html/" local="129424749920000000" remote="130395639000000000" />
<file name="chelveticabi.php" server="ftp.elclubdelfutbol.com//public_html/" local="129424750200000000" remote="130395639000000000" />
<file name="chelveticai.php" server="ftp.elclubdelfutbol.com//public_html/" local="129424750460000000" remote="130395639000000000" />
<file name="csymbol.php" server="ftp.elclubdelfutbol.com//public_html/" local="129036029460000000" remote="130395639000000000" />
<file name="ctimes.php" server="ftp.elclubdelfutbol.com//public_html/" local="129424750780000000" remote="130395639000000000" />
<file name="ctimesb.php" server="ftp.elclubdelfutbol.com//public_html/" local="129424751040000000" remote="130395639000000000" />
<file name="ctimesbi.php" server="ftp.elclubdelfutbol.com//public_html/" local="129424751300000000" remote="130395639000000000" />
<file name="ctimesi.php" server="ftp.elclubdelfutbol.com//public_html/" local="129424751580000000" remote="130395639000000000" />
<file name="czapfdingbats.php" server="ftp.elclubdelfutbol.com//public_html/" local="129036029880000000" remote="130395639000000000" />
</dwsync>