<?xml version="1.0" encoding="utf-8" ?>
<dwsync>
<file name="DejaVuinfo.txt" server="ftp.gimnasiolasabana.com/public_html/gimnasiolasabana.com/" local="129204449860000000" remote="130094111400000000" />
<file name="DejaVuSans-Bold.ttf" server="ftp.gimnasiolasabana.com/public_html/gimnasiolasabana.com/" local="129204449620000000" remote="130094111400000000" />
<file name="DejaVuSans-BoldOblique.ttf" server="ftp.gimnasiolasabana.com/public_html/gimnasiolasabana.com/" local="129204449640000000" remote="130094111400000000" />
<file name="DejaVuSans-Oblique.ttf" server="ftp.gimnasiolasabana.com/public_html/gimnasiolasabana.com/" local="129204449620000000" remote="130094111400000000" />
<file name="DejaVuSans.ttf" server="ftp.gimnasiolasabana.com/public_html/gimnasiolasabana.com/" local="129204449620000000" remote="130094111400000000" />
<file name="DejaVuSansCondensed-Bold.ttf" server="ftp.gimnasiolasabana.com/public_html/gimnasiolasabana.com/" local="129204449620000000" remote="130094112000000000" />
<file name="DejaVuSansCondensed-BoldOblique.ttf" server="ftp.gimnasiolasabana.com/public_html/gimnasiolasabana.com/" local="129204449600000000" remote="130094112000000000" />
<file name="DejaVuSansCondensed-Oblique.ttf" server="ftp.gimnasiolasabana.com/public_html/gimnasiolasabana.com/" local="129204449640000000" remote="130094112000000000" />
<file name="DejaVuSansCondensed.ttf" server="ftp.gimnasiolasabana.com/public_html/gimnasiolasabana.com/" local="129204449620000000" remote="130094112000000000" />
<file name="DejaVuSansMono-Bold.ttf" server="ftp.gimnasiolasabana.com/public_html/gimnasiolasabana.com/" local="129204449640000000" remote="130094112000000000" />
<file name="DejaVuSansMono-BoldOblique.ttf" server="ftp.gimnasiolasabana.com/public_html/gimnasiolasabana.com/" local="129204449640000000" remote="130094112000000000" />
<file name="DejaVuSansMono-Oblique.ttf" server="ftp.gimnasiolasabana.com/public_html/gimnasiolasabana.com/" local="129204449620000000" remote="130094112000000000" />
<file name="DejaVuSansMono.ttf" server="ftp.gimnasiolasabana.com/public_html/gimnasiolasabana.com/" local="129204449640000000" remote="130094112600000000" />
<file name="DejaVuSerif-Bold.ttf" server="ftp.gimnasiolasabana.com/public_html/gimnasiolasabana.com/" local="129204449620000000" remote="130094112600000000" />
<file name="DejaVuSerif-BoldItalic.ttf" server="ftp.gimnasiolasabana.com/public_html/gimnasiolasabana.com/" local="129204449640000000" remote="130094112600000000" />
<file name="DejaVuSerif-Italic.ttf" server="ftp.gimnasiolasabana.com/public_html/gimnasiolasabana.com/" local="129204449640000000" remote="130094112600000000" />
<file name="DejaVuSerif.ttf" server="ftp.gimnasiolasabana.com/public_html/gimnasiolasabana.com/" local="129204449640000000" remote="130094112600000000" />
<file name="DejaVuSerifCondensed-Bold.ttf" server="ftp.gimnasiolasabana.com/public_html/gimnasiolasabana.com/" local="129204449620000000" remote="130094112600000000" />
<file name="DejaVuSerifCondensed-BoldItalic.ttf" server="ftp.gimnasiolasabana.com/public_html/gimnasiolasabana.com/" local="129204449620000000" remote="130094112600000000" />
<file name="DejaVuSerifCondensed-Italic.ttf" server="ftp.gimnasiolasabana.com/public_html/gimnasiolasabana.com/" local="129204449640000000" remote="130094112600000000" />
<file name="DejaVuSerifCondensed.ttf" server="ftp.gimnasiolasabana.com/public_html/gimnasiolasabana.com/" local="129204449620000000" remote="130094113200000000" />
<file name="Garuda-Bold.ttf" server="ftp.gimnasiolasabana.com/public_html/gimnasiolasabana.com/" local="128452080640000000" remote="130094113200000000" />
<file name="Garuda-BoldOblique.ttf" server="ftp.gimnasiolasabana.com/public_html/gimnasiolasabana.com/" local="128452080640000000" remote="130094113200000000" />
<file name="Garuda-Oblique.ttf" server="ftp.gimnasiolasabana.com/public_html/gimnasiolasabana.com/" local="128452080640000000" remote="130094113200000000" />
<file name="Garuda.ttf" server="ftp.gimnasiolasabana.com/public_html/gimnasiolasabana.com/" local="128452080640000000" remote="130094113200000000" />
<file name="GNUFreeFontinfo.txt" server="ftp.gimnasiolasabana.com/public_html/gimnasiolasabana.com/" local="129204452240000000" remote="130094113200000000" />
<file name="ind_bn_1_001.ttf" server="ftp.gimnasiolasabana.com/public_html/gimnasiolasabana.com/" local="129529326060000000" remote="130094113200000000" />
<file name="ind_gu_1_001.ttf" server="ftp.gimnasiolasabana.com/public_html/gimnasiolasabana.com/" local="129529326080000000" remote="130094113200000000" />
<file name="ind_hi_1_001.ttf" server="ftp.gimnasiolasabana.com/public_html/gimnasiolasabana.com/" local="129529326080000000" remote="130094113200000000" />
<file name="ind_kn_1_001.ttf" server="ftp.gimnasiolasabana.com/public_html/gimnasiolasabana.com/" local="129529326080000000" remote="130094113200000000" />
<file name="ind_ml_1_001.ttf" server="ftp.gimnasiolasabana.com/public_html/gimnasiolasabana.com/" local="129529326080000000" remote="130094113200000000" />
<file name="ind_or_1_001.ttf" server="ftp.gimnasiolasabana.com/public_html/gimnasiolasabana.com/" local="129529326080000000" remote="130094113200000000" />
<file name="ind_pa_1_001.ttf" server="ftp.gimnasiolasabana.com/public_html/gimnasiolasabana.com/" local="129529326080000000" remote="130094113200000000" />
<file name="ind_ta_1_001.ttf" server="ftp.gimnasiolasabana.com/public_html/gimnasiolasabana.com/" local="129529326080000000" remote="130094113200000000" />
<file name="ind_te_1_001.ttf" server="ftp.gimnasiolasabana.com/public_html/gimnasiolasabana.com/" local="129529326080000000" remote="130094113200000000" />
<file name="Norasi-Bold.ttf" server="ftp.gimnasiolasabana.com/public_html/gimnasiolasabana.com/" local="128452080640000000" remote="130094113200000000" />
<file name="Norasi-BoldOblique.ttf" server="ftp.gimnasiolasabana.com/public_html/gimnasiolasabana.com/" local="128452080640000000" remote="130094113200000000" />
<file name="Norasi-Oblique.ttf" server="ftp.gimnasiolasabana.com/public_html/gimnasiolasabana.com/" local="128452080640000000" remote="130094113200000000" />
<file name="Norasi.ttf" server="ftp.gimnasiolasabana.com/public_html/gimnasiolasabana.com/" local="128930015500000000" remote="130094113200000000" />
<file name="ocrb10.ttf" server="ftp.gimnasiolasabana.com/public_html/gimnasiolasabana.com/" local="129204442380000000" remote="130094113200000000" />
<file name="ocrbinfo.txt" server="ftp.gimnasiolasabana.com/public_html/gimnasiolasabana.com/" local="129204444520000000" remote="130094113200000000" />
<file name="Thai Fonts License.txt" server="ftp.gimnasiolasabana.com/public_html/gimnasiolasabana.com/" local="127950058260000000" remote="130094113200000000" />
<file name="XB Riyaz.ttf" server="ftp.gimnasiolasabana.com/public_html/gimnasiolasabana.com/" local="128650446440000000" remote="130094113800000000" />
<file name="XB RiyazBd.ttf" server="ftp.gimnasiolasabana.com/public_html/gimnasiolasabana.com/" local="128650446580000000" remote="130094113800000000" />
<file name="XB RiyazBdIt.ttf" server="ftp.gimnasiolasabana.com/public_html/gimnasiolasabana.com/" local="128650446680000000" remote="130094114400000000" />
<file name="XB RiyazIt.ttf" server="ftp.gimnasiolasabana.com/public_html/gimnasiolasabana.com/" local="128650446800000000" remote="130094114400000000" />
<file name="XB Zar Bd.ttf" server="ftp.gimnasiolasabana.com/public_html/gimnasiolasabana.com/" local="128846818620000000" remote="130094114400000000" />
<file name="XB Zar BdIt.ttf" server="ftp.gimnasiolasabana.com/public_html/gimnasiolasabana.com/" local="128846818500000000" remote="130094115000000000" />
<file name="XB Zar It.ttf" server="ftp.gimnasiolasabana.com/public_html/gimnasiolasabana.com/" local="128846819020000000" remote="130094115000000000" />
<file name="XB Zar.ttf" server="ftp.gimnasiolasabana.com/public_html/gimnasiolasabana.com/" local="128846818780000000" remote="130094115600000000" />
<file name="XW Zar Font Info.txt" server="ftp.gimnasiolasabana.com/public_html/gimnasiolasabana.com/" local="128670256020000000" remote="130094115600000000" />
<file name="DejaVuinfo.txt" server="ftp.elclubdelfutbol.com//public_html/" local="129204449860000000" remote="130395640800000000" />
<file name="DejaVuSans-Bold.ttf" server="ftp.elclubdelfutbol.com//public_html/" local="129204449620000000" remote="130395640800000000" />
<file name="DejaVuSans-BoldOblique.ttf" server="ftp.elclubdelfutbol.com//public_html/" local="129204449640000000" remote="130395640800000000" />
<file name="DejaVuSans-Oblique.ttf" server="ftp.elclubdelfutbol.com//public_html/" local="129204449620000000" remote="130395641400000000" />
<file name="DejaVuSans.ttf" server="ftp.elclubdelfutbol.com//public_html/" local="129204449620000000" remote="130395641400000000" />
<file name="DejaVuSansCondensed-Bold.ttf" server="ftp.elclubdelfutbol.com//public_html/" local="129204449620000000" remote="130395641400000000" />
<file name="DejaVuSansCondensed-BoldOblique.ttf" server="ftp.elclubdelfutbol.com//public_html/" local="129204449600000000" remote="130395641400000000" />
<file name="DejaVuSansCondensed-Oblique.ttf" server="ftp.elclubdelfutbol.com//public_html/" local="129204449640000000" remote="130395641400000000" />
<file name="DejaVuSansCondensed.ttf" server="ftp.elclubdelfutbol.com//public_html/" local="129204449620000000" remote="130395642000000000" />
<file name="DejaVuSansMono-Bold.ttf" server="ftp.elclubdelfutbol.com//public_html/" local="129204449640000000" remote="130395642000000000" />
<file name="DejaVuSansMono-BoldOblique.ttf" server="ftp.elclubdelfutbol.com//public_html/" local="129204449640000000" remote="130395642000000000" />
<file name="DejaVuSansMono-Oblique.ttf" server="ftp.elclubdelfutbol.com//public_html/" local="129204449620000000" remote="130395642000000000" />
<file name="DejaVuSansMono.ttf" server="ftp.elclubdelfutbol.com//public_html/" local="129204449640000000" remote="130395642000000000" />
<file name="DejaVuSerif-Bold.ttf" server="ftp.elclubdelfutbol.com//public_html/" local="129204449620000000" remote="130395642000000000" />
<file name="DejaVuSerif-BoldItalic.ttf" server="ftp.elclubdelfutbol.com//public_html/" local="129204449640000000" remote="130395642000000000" />
<file name="DejaVuSerif-Italic.ttf" server="ftp.elclubdelfutbol.com//public_html/" local="129204449640000000" remote="130395642000000000" />
<file name="DejaVuSerif.ttf" server="ftp.elclubdelfutbol.com//public_html/" local="129204449640000000" remote="130395642000000000" />
<file name="DejaVuSerifCondensed-Bold.ttf" server="ftp.elclubdelfutbol.com//public_html/" local="129204449620000000" remote="130395642600000000" />
<file name="DejaVuSerifCondensed-BoldItalic.ttf" server="ftp.elclubdelfutbol.com//public_html/" local="129204449620000000" remote="130395642600000000" />
<file name="DejaVuSerifCondensed-Italic.ttf" server="ftp.elclubdelfutbol.com//public_html/" local="129204449640000000" remote="130395642600000000" />
<file name="DejaVuSerifCondensed.ttf" server="ftp.elclubdelfutbol.com//public_html/" local="129204449620000000" remote="130395642600000000" />
<file name="Garuda-Bold.ttf" server="ftp.elclubdelfutbol.com//public_html/" local="128452080640000000" remote="130395642600000000" />
<file name="Garuda-BoldOblique.ttf" server="ftp.elclubdelfutbol.com//public_html/" local="128452080640000000" remote="130395642600000000" />
<file name="Garuda-Oblique.ttf" server="ftp.elclubdelfutbol.com//public_html/" local="128452080640000000" remote="130395642600000000" />
<file name="Garuda.ttf" server="ftp.elclubdelfutbol.com//public_html/" local="128452080640000000" remote="130395642600000000" />
<file name="GNUFreeFontinfo.txt" server="ftp.elclubdelfutbol.com//public_html/" local="129204452240000000" remote="130395642600000000" />
<file name="ind_bn_1_001.ttf" server="ftp.elclubdelfutbol.com//public_html/" local="129529326060000000" remote="130395642600000000" />
<file name="ind_gu_1_001.ttf" server="ftp.elclubdelfutbol.com//public_html/" local="129529326080000000" remote="130395642600000000" />
<file name="ind_hi_1_001.ttf" server="ftp.elclubdelfutbol.com//public_html/" local="129529326080000000" remote="130395642600000000" />
<file name="ind_kn_1_001.ttf" server="ftp.elclubdelfutbol.com//public_html/" local="129529326080000000" remote="130395643200000000" />
<file name="ind_ml_1_001.ttf" server="ftp.elclubdelfutbol.com//public_html/" local="129529326080000000" remote="130395643200000000" />
<file name="ind_or_1_001.ttf" server="ftp.elclubdelfutbol.com//public_html/" local="129529326080000000" remote="130395643200000000" />
<file name="ind_pa_1_001.ttf" server="ftp.elclubdelfutbol.com//public_html/" local="129529326080000000" remote="130395643200000000" />
<file name="ind_ta_1_001.ttf" server="ftp.elclubdelfutbol.com//public_html/" local="129529326080000000" remote="130395643200000000" />
<file name="ind_te_1_001.ttf" server="ftp.elclubdelfutbol.com//public_html/" local="129529326080000000" remote="130395643200000000" />
<file name="Norasi-Bold.ttf" server="ftp.elclubdelfutbol.com//public_html/" local="128452080640000000" remote="130395643200000000" />
<file name="Norasi-BoldOblique.ttf" server="ftp.elclubdelfutbol.com//public_html/" local="128452080640000000" remote="130395643200000000" />
<file name="Norasi-Oblique.ttf" server="ftp.elclubdelfutbol.com//public_html/" local="128452080640000000" remote="130395643200000000" />
<file name="Norasi.ttf" server="ftp.elclubdelfutbol.com//public_html/" local="128930015500000000" remote="130395643200000000" />
<file name="ocrb10.ttf" server="ftp.elclubdelfutbol.com//public_html/" local="129204442380000000" remote="130395643200000000" />
<file name="ocrbinfo.txt" server="ftp.elclubdelfutbol.com//public_html/" local="129204444520000000" remote="130395643200000000" />
<file name="Thai Fonts License.txt" server="ftp.elclubdelfutbol.com//public_html/" local="127950058260000000" remote="130395643200000000" />
<file name="XB Riyaz.ttf" server="ftp.elclubdelfutbol.com//public_html/" local="128650446440000000" remote="130395643800000000" />
<file name="XB RiyazBd.ttf" server="ftp.elclubdelfutbol.com//public_html/" local="128650446580000000" remote="130395643800000000" />
<file name="XB RiyazBdIt.ttf" server="ftp.elclubdelfutbol.com//public_html/" local="128650446680000000" remote="130395643800000000" />
<file name="XB RiyazIt.ttf" server="ftp.elclubdelfutbol.com//public_html/" local="128650446800000000" remote="130395644400000000" />
<file name="XB Zar Bd.ttf" server="ftp.elclubdelfutbol.com//public_html/" local="128846818620000000" remote="130395644400000000" />
<file name="XB Zar BdIt.ttf" server="ftp.elclubdelfutbol.com//public_html/" local="128846818500000000" remote="130395645000000000" />
<file name="XB Zar It.ttf" server="ftp.elclubdelfutbol.com//public_html/" local="128846819020000000" remote="130395645000000000" />
<file name="XB Zar.ttf" server="ftp.elclubdelfutbol.com//public_html/" local="128846818780000000" remote="130395645600000000" />
<file name="XW Zar Font Info.txt" server="ftp.elclubdelfutbol.com//public_html/" local="128670256020000000" remote="130395645600000000" />
</dwsync>