<?xml version="1.0" encoding="utf-8" ?>
<dwsync>
<file name="alpha.gif" server="ftp.gimnasiolasabana.com/public_html/gimnasiolasabana.com/" local="128873487960000000" remote="130094107200000000" />
<file name="alpha.png" server="ftp.gimnasiolasabana.com/public_html/gimnasiolasabana.com/" local="128864865220000000" remote="130094107200000000" />
<file name="alpha3.png" server="ftp.gimnasiolasabana.com/public_html/gimnasiolasabana.com/" local="129051939960000000" remote="130094107200000000" />
<file name="bayeux1.jpg" server="ftp.gimnasiolasabana.com/public_html/gimnasiolasabana.com/" local="129378839100000000" remote="130094107200000000" />
<file name="bg.jpg" server="ftp.gimnasiolasabana.com/public_html/gimnasiolasabana.com/" local="128863539460000000" remote="130094107200000000" />
<file name="bgbarcode.png" server="ftp.gimnasiolasabana.com/public_html/gimnasiolasabana.com/" local="129040702740000000" remote="130094107200000000" />
<file name="bgrock.jpg" server="ftp.gimnasiolasabana.com/public_html/gimnasiolasabana.com/" local="128910710700000000" remote="130094107200000000" />
<file name="borders2FF.jpg" server="ftp.gimnasiolasabana.com/public_html/gimnasiolasabana.com/" local="128713190760000000" remote="130094107200000000" />
<file name="borders2IE.jpg" server="ftp.gimnasiolasabana.com/public_html/gimnasiolasabana.com/" local="128713191400000000" remote="130094107200000000" />
<file name="borders3FF.jpg" server="ftp.gimnasiolasabana.com/public_html/gimnasiolasabana.com/" local="128718927400000000" remote="130094107200000000" />
<file name="borders3IE.jpg" server="ftp.gimnasiolasabana.com/public_html/gimnasiolasabana.com/" local="128718927780000000" remote="130094107200000000" />
<file name="borders4FF.jpg" server="ftp.gimnasiolasabana.com/public_html/gimnasiolasabana.com/" local="128719404240000000" remote="130094107200000000" />
<file name="borders4IE.jpg" server="ftp.gimnasiolasabana.com/public_html/gimnasiolasabana.com/" local="128719404920000000" remote="130094107200000000" />
<file name="bordersFF.jpg" server="ftp.gimnasiolasabana.com/public_html/gimnasiolasabana.com/" local="128712761000000000" remote="130094107800000000" />
<file name="bordersIE.jpg" server="ftp.gimnasiolasabana.com/public_html/gimnasiolasabana.com/" local="128712760780000000" remote="130094107800000000" />
<file name="bordersMPDF2.jpg" server="ftp.gimnasiolasabana.com/public_html/gimnasiolasabana.com/" local="128942632900000000" remote="130094107800000000" />
<file name="clematis.jpg" server="ftp.gimnasiolasabana.com/public_html/gimnasiolasabana.com/" local="129267518480000000" remote="130094107800000000" />
<file name="example01_basic.php" server="ftp.gimnasiolasabana.com/public_html/gimnasiolasabana.com/" local="129300046760000000" remote="130094107800000000" />
<file name="example02_CSS_styles.php" server="ftp.gimnasiolasabana.com/public_html/gimnasiolasabana.com/" local="129299099160000000" remote="130094107800000000" />
<file name="example03_backgrounds_and_borders.php" server="ftp.gimnasiolasabana.com/public_html/gimnasiolasabana.com/" local="129220006600000000" remote="130094107800000000" />
<file name="example04_images.php" server="ftp.gimnasiolasabana.com/public_html/gimnasiolasabana.com/" local="129416583240000000" remote="130094107800000000" />
<file name="example05_tables.php" server="ftp.gimnasiolasabana.com/public_html/gimnasiolasabana.com/" local="129240598520000000" remote="130094107800000000" />
<file name="example06_tables_nested.php" server="ftp.gimnasiolasabana.com/public_html/gimnasiolasabana.com/" local="129423046540000000" remote="130094107800000000" />
<file name="example07_tables_borders.php" server="ftp.gimnasiolasabana.com/public_html/gimnasiolasabana.com/" local="129292514380000000" remote="130094107800000000" />
<file name="example08_lists.php" server="ftp.gimnasiolasabana.com/public_html/gimnasiolasabana.com/" local="129420202580000000" remote="130094107800000000" />
<file name="example09_forms.php" server="ftp.gimnasiolasabana.com/public_html/gimnasiolasabana.com/" local="129287721700000000" remote="130094107800000000" />
<file name="example10_floating_and_fixed_position_elements.php" server="ftp.gimnasiolasabana.com/public_html/gimnasiolasabana.com/" local="129470473220000000" remote="130094107800000000" />
<file name="example11_overflow_auto.php" server="ftp.gimnasiolasabana.com/public_html/gimnasiolasabana.com/" local="129220009380000000" remote="130094107800000000" />
<file name="example12_paging_html.php" server="ftp.gimnasiolasabana.com/public_html/gimnasiolasabana.com/" local="129220009520000000" remote="130094107800000000" />
<file name="example13_paging_css.php" server="ftp.gimnasiolasabana.com/public_html/gimnasiolasabana.com/" local="129220009680000000" remote="130094107800000000" />
<file name="example14_page_numbers_ToC_Index_Bookmarks.php" server="ftp.gimnasiolasabana.com/public_html/gimnasiolasabana.com/" local="129301195300000000" remote="130094107800000000" />
<file name="example15_headers_method_1.php" server="ftp.gimnasiolasabana.com/public_html/gimnasiolasabana.com/" local="129220010300000000" remote="130094107800000000" />
<file name="example16_headers_method_2.php" server="ftp.gimnasiolasabana.com/public_html/gimnasiolasabana.com/" local="129263681120000000" remote="130094107800000000" />
<file name="example17_headers_method_3.php" server="ftp.gimnasiolasabana.com/public_html/gimnasiolasabana.com/" local="129263681500000000" remote="130094107800000000" />
<file name="example18_headers_method_4.php" server="ftp.gimnasiolasabana.com/public_html/gimnasiolasabana.com/" local="129263713260000000" remote="130094107800000000" />
<file name="example19_page_sizes.php" server="ftp.gimnasiolasabana.com/public_html/gimnasiolasabana.com/" local="129220011160000000" remote="130094107800000000" />
<file name="example20_justify.php" server="ftp.gimnasiolasabana.com/public_html/gimnasiolasabana.com/" local="129525854720000000" remote="130094107800000000" />
<file name="example21_hyphenation.php" server="ftp.gimnasiolasabana.com/public_html/gimnasiolasabana.com/" local="129287020500000000" remote="130094107800000000" />
<file name="example22_columns.php" server="ftp.gimnasiolasabana.com/public_html/gimnasiolasabana.com/" local="129525795840000000" remote="130094107800000000" />
<file name="example23_orientation.php" server="ftp.gimnasiolasabana.com/public_html/gimnasiolasabana.com/" local="129220012040000000" remote="130094107800000000" />
<file name="example24_orientation_2.php" server="ftp.gimnasiolasabana.com/public_html/gimnasiolasabana.com/" local="129220012180000000" remote="130094107800000000" />
<file name="example26_RTL.php" server="ftp.gimnasiolasabana.com/public_html/gimnasiolasabana.com/" local="129525792600000000" remote="130094107800000000" />
<file name="example27_CJK_using_Adobe_fonts.php" server="ftp.gimnasiolasabana.com/public_html/gimnasiolasabana.com/" local="129288062060000000" remote="130094107800000000" />
<file name="example28_CJK_using_embedded_fonts.php" server="ftp.gimnasiolasabana.com/public_html/gimnasiolasabana.com/" local="129288058120000000" remote="130094107800000000" />
<file name="example29_multilingual_autofont.php" server="ftp.gimnasiolasabana.com/public_html/gimnasiolasabana.com/" local="129433413260000000" remote="130094107800000000" />
<file name="example30_arabic.php" server="ftp.gimnasiolasabana.com/public_html/gimnasiolasabana.com/" local="129432978000000000" remote="130094107800000000" />
<file name="example32_indic.php" server="ftp.gimnasiolasabana.com/public_html/gimnasiolasabana.com/" local="129529263180000000" remote="130094107800000000" />
<file name="example35_watermarks.php" server="ftp.gimnasiolasabana.com/public_html/gimnasiolasabana.com/" local="129240599340000000" remote="130094107800000000" />
<file name="example36_annotations_and_Attached_files.php" server="ftp.gimnasiolasabana.com/public_html/gimnasiolasabana.com/" local="129402344320000000" remote="130094107800000000" />
<file name="example37_barcodes.php" server="ftp.gimnasiolasabana.com/public_html/gimnasiolasabana.com/" local="129267469080000000" remote="130094107800000000" />
<file name="example38_dot_tab.php" server="ftp.gimnasiolasabana.com/public_html/gimnasiolasabana.com/" local="129414754640000000" remote="130094107800000000" />
<file name="example39_PDFA_compliance.php" server="ftp.gimnasiolasabana.com/public_html/gimnasiolasabana.com/" local="129236363920000000" remote="130094107800000000" />
<file name="example40_MPDFI_thumbnails.php" server="ftp.gimnasiolasabana.com/public_html/gimnasiolasabana.com/" local="129093441060000000" remote="130094107800000000" />
<file name="example41_MPDFI_template.php" server="ftp.gimnasiolasabana.com/public_html/gimnasiolasabana.com/" local="129093441200000000" remote="130094107800000000" />
<file name="example42_MPDFI_templatedoc.php" server="ftp.gimnasiolasabana.com/public_html/gimnasiolasabana.com/" local="129108567260000000" remote="130094107800000000" />
<file name="example43_MPDFI_booklet.php" server="ftp.gimnasiolasabana.com/public_html/gimnasiolasabana.com/" local="129220017440000000" remote="130094107800000000" />
<file name="example44_MPDFI_yearbook.php" server="ftp.gimnasiolasabana.com/public_html/gimnasiolasabana.com/" local="129093441980000000" remote="130094107800000000" />
<file name="example46_progress_bars_simple.php" server="ftp.gimnasiolasabana.com/public_html/gimnasiolasabana.com/" local="129294802960000000" remote="130094107800000000" />
<file name="example47_progress_bars_simple_custom.php" server="ftp.gimnasiolasabana.com/public_html/gimnasiolasabana.com/" local="129294667960000000" remote="130094107800000000" />
<file name="example48_progress_bars_advanced.php" server="ftp.gimnasiolasabana.com/public_html/gimnasiolasabana.com/" local="129294668460000000" remote="130094108400000000" />
<file name="example49_changelog.php" server="ftp.gimnasiolasabana.com/public_html/gimnasiolasabana.com/" local="129724514460000000" remote="130094108400000000" />
<file name="example50_new_mPDF_3_features.php" server="ftp.gimnasiolasabana.com/public_html/gimnasiolasabana.com/" local="129220018320000000" remote="130094108400000000" />
<file name="example51_new_mPDF_4_features.php" server="ftp.gimnasiolasabana.com/public_html/gimnasiolasabana.com/" local="129220020740000000" remote="130094108400000000" />
<file name="example52_lineheight.htm" server="ftp.gimnasiolasabana.com/public_html/gimnasiolasabana.com/" local="129090799700000000" remote="130094108400000000" />
<file name="example52_new_mPDF_4-2_features.php" server="ftp.gimnasiolasabana.com/public_html/gimnasiolasabana.com/" local="129369837120000000" remote="130094108400000000" />
<file name="example53_new_mPDF_v5-0_fonts.php" server="ftp.gimnasiolasabana.com/public_html/gimnasiolasabana.com/" local="129365848940000000" remote="130094108400000000" />
<file name="example54_new_mPDF_v5-1_features_gradients_and_images.php" server="ftp.gimnasiolasabana.com/public_html/gimnasiolasabana.com/" local="129409994420000000" remote="130094108400000000" />
<file name="example55_new_mPDF_v5-1_color_and_other_features.php" server="ftp.gimnasiolasabana.com/public_html/gimnasiolasabana.com/" local="129525818120000000" remote="130094108400000000" />
<file name="example56_new_mPDF_v5-1_features_grayscale.php" server="ftp.gimnasiolasabana.com/public_html/gimnasiolasabana.com/" local="129435969500000000" remote="130094108400000000" />
<file name="example57_new_mPDF_v5-3_active_forms.php" server="ftp.gimnasiolasabana.com/public_html/gimnasiolasabana.com/" local="129547894960000000" remote="130094108400000000" />
<file name="example57_new_mPDF_v5-3_active_forms_b.php" server="ftp.gimnasiolasabana.com/public_html/gimnasiolasabana.com/" local="129620035980000000" remote="130094108400000000" />
<file name="example58_new_mPDF_v5-4_features.php" server="ftp.gimnasiolasabana.com/public_html/gimnasiolasabana.com/" local="129737402060000000" remote="130094108400000000" />
<file name="example59_new_mPDF_v5-6_features.php" server="ftp.gimnasiolasabana.com/public_html/gimnasiolasabana.com/" local="130021829320000000" remote="130094108400000000" />
<file name="firefox-48.png" server="ftp.gimnasiolasabana.com/public_html/gimnasiolasabana.com/" local="129380634740000000" remote="130094108400000000" />
<file name="flowers-pattern.jpg" server="ftp.gimnasiolasabana.com/public_html/gimnasiolasabana.com/" local="129380634840000000" remote="130094108400000000" />
<file name="formsubmit.php" server="ftp.gimnasiolasabana.com/public_html/gimnasiolasabana.com/" local="129547898920000000" remote="130094108400000000" />
<file name="goto.gif" server="ftp.gimnasiolasabana.com/public_html/gimnasiolasabana.com/" local="126859602600000000" remote="130094108400000000" />
<file name="img1.png" server="ftp.gimnasiolasabana.com/public_html/gimnasiolasabana.com/" local="129073128420000000" remote="130094108400000000" />
<file name="img2.png" server="ftp.gimnasiolasabana.com/public_html/gimnasiolasabana.com/" local="129073128880000000" remote="130094108400000000" />
<file name="img3.png" server="ftp.gimnasiolasabana.com/public_html/gimnasiolasabana.com/" local="129073129320000000" remote="130094108400000000" />
<file name="img4.png" server="ftp.gimnasiolasabana.com/public_html/gimnasiolasabana.com/" local="129073129820000000" remote="130094108400000000" />
<file name="img5.png" server="ftp.gimnasiolasabana.com/public_html/gimnasiolasabana.com/" local="129073138460000000" remote="130094108400000000" />
<file name="index.php" server="ftp.gimnasiolasabana.com/public_html/gimnasiolasabana.com/" local="129263183220000000" remote="130094108400000000" />
<file name="klematis.jpg" server="ftp.gimnasiolasabana.com/public_html/gimnasiolasabana.com/" local="128808761940000000" remote="130094108400000000" />
<file name="loading.gif" server="ftp.gimnasiolasabana.com/public_html/gimnasiolasabana.com/" local="128247054580000000" remote="130094108400000000" />
<file name="mpdfstyleA4.css" server="ftp.gimnasiolasabana.com/public_html/gimnasiolasabana.com/" local="129299272460000000" remote="130094108400000000" />
<file name="mpdfstylePaged.css" server="ftp.gimnasiolasabana.com/public_html/gimnasiolasabana.com/" local="129516345820000000" remote="130094108400000000" />
<file name="mpdfstyletables.css" server="ftp.gimnasiolasabana.com/public_html/gimnasiolasabana.com/" local="129302059960000000" remote="130094108400000000" />
<file name="quran282.jpg" server="ftp.gimnasiolasabana.com/public_html/gimnasiolasabana.com/" local="128991747680000000" remote="130094108400000000" />
<file name="sample_basic.pdf" server="ftp.gimnasiolasabana.com/public_html/gimnasiolasabana.com/" local="128993537200000000" remote="130094108400000000" />
<file name="sample_logoheader2.pdf" server="ftp.gimnasiolasabana.com/public_html/gimnasiolasabana.com/" local="128833660260000000" remote="130094108400000000" />
<file name="sample_orientation2.pdf" server="ftp.gimnasiolasabana.com/public_html/gimnasiolasabana.com/" local="128818226440000000" remote="130094108400000000" />
<file name="sample_orientation3.pdf" server="ftp.gimnasiolasabana.com/public_html/gimnasiolasabana.com/" local="128818233360000000" remote="130094108400000000" />
<file name="show_code.php" server="ftp.gimnasiolasabana.com/public_html/gimnasiolasabana.com/" local="129700195600000000" remote="130094108400000000" />
<file name="sunset.jpg" server="ftp.gimnasiolasabana.com/public_html/gimnasiolasabana.com/" local="128230646260000000" remote="130094108400000000" />
<file name="sunsetv.jpg" server="ftp.gimnasiolasabana.com/public_html/gimnasiolasabana.com/" local="129069541440000000" remote="130094108400000000" />
<file name="test.pdf" server="ftp.gimnasiolasabana.com/public_html/gimnasiolasabana.com/" local="129432982940000000" remote="130094108400000000" />
<file name="tiger" server="ftp.gimnasiolasabana.com/public_html/gimnasiolasabana.com/" local="129267517460000000" remote="130094108400000000" />
<file name="tiger.bmp" server="ftp.gimnasiolasabana.com/public_html/gimnasiolasabana.com/" local="129267515940000000" remote="130094109000000000" />
<file name="tiger.gif" server="ftp.gimnasiolasabana.com/public_html/gimnasiolasabana.com/" local="129048843940000000" remote="130094109000000000" />
<file name="tiger.jpg" server="ftp.gimnasiolasabana.com/public_html/gimnasiolasabana.com/" local="128787105700000000" remote="130094109000000000" />
<file name="tiger.php" server="ftp.gimnasiolasabana.com/public_html/gimnasiolasabana.com/" local="129135218100000000" remote="130094109000000000" />
<file name="tiger.png" server="ftp.gimnasiolasabana.com/public_html/gimnasiolasabana.com/" local="129267517460000000" remote="130094109000000000" />
<file name="tiger.svg" server="ftp.gimnasiolasabana.com/public_html/gimnasiolasabana.com/" local="129135238240000000" remote="130094109000000000" />
<file name="tiger.wmf" server="ftp.gimnasiolasabana.com/public_html/gimnasiolasabana.com/" local="128787111520000000" remote="130094109000000000" />
<file name="tiger2.png" server="ftp.gimnasiolasabana.com/public_html/gimnasiolasabana.com/" local="129388398700000000" remote="130094109000000000" />
<file name="tiger2.wmf" server="ftp.gimnasiolasabana.com/public_html/gimnasiolasabana.com/" local="129134245800000000" remote="130094109000000000" />
<file name="tiger24trns.png" server="ftp.gimnasiolasabana.com/public_html/gimnasiolasabana.com/" local="129052919260000000" remote="130094109000000000" />
<file name="tiger300px300dpi.jpg" server="ftp.gimnasiolasabana.com/public_html/gimnasiolasabana.com/" local="129385711440000000" remote="130094109000000000" />
<file name="tiger300px300dpi.png" server="ftp.gimnasiolasabana.com/public_html/gimnasiolasabana.com/" local="129388463820000000" remote="130094109000000000" />
<file name="tiger300px72dpi.jpg" server="ftp.gimnasiolasabana.com/public_html/gimnasiolasabana.com/" local="129385711020000000" remote="130094109000000000" />
<file name="tiger300px96dpi.jpg" server="ftp.gimnasiolasabana.com/public_html/gimnasiolasabana.com/" local="129385711260000000" remote="130094109000000000" />
<file name="tiger300px96dpi.png" server="ftp.gimnasiolasabana.com/public_html/gimnasiolasabana.com/" local="129388463600000000" remote="130094109000000000" />
<file name="tiger8trns.gif" server="ftp.gimnasiolasabana.com/public_html/gimnasiolasabana.com/" local="129052920200000000" remote="130094109000000000" />
<file name="tiger8trns.png" server="ftp.gimnasiolasabana.com/public_html/gimnasiolasabana.com/" local="129052910040000000" remote="130094109000000000" />
<file name="tigercmyk.jpg" server="ftp.gimnasiolasabana.com/public_html/gimnasiolasabana.com/" local="129267517000000000" remote="130094109000000000" />
<file name="tux.svg" server="ftp.gimnasiolasabana.com/public_html/gimnasiolasabana.com/" local="129393325080000000" remote="130094109000000000" />
<file name="windmill.jpg" server="ftp.gimnasiolasabana.com/public_html/gimnasiolasabana.com/" local="129379861240000000" remote="130094109000000000" />
<file name="alpha.gif" server="ftp.elclubdelfutbol.com//public_html/" local="128873487960000000" remote="130395636600000000" />
<file name="alpha.png" server="ftp.elclubdelfutbol.com//public_html/" local="128864865220000000" remote="130395636600000000" />
<file name="alpha3.png" server="ftp.elclubdelfutbol.com//public_html/" local="129051939960000000" remote="130395636600000000" />
<file name="bayeux1.jpg" server="ftp.elclubdelfutbol.com//public_html/" local="129378839100000000" remote="130395636600000000" />
<file name="bg.jpg" server="ftp.elclubdelfutbol.com//public_html/" local="128863539460000000" remote="130395636600000000" />
<file name="bgbarcode.png" server="ftp.elclubdelfutbol.com//public_html/" local="129040702740000000" remote="130395636600000000" />
<file name="bgrock.jpg" server="ftp.elclubdelfutbol.com//public_html/" local="128910710700000000" remote="130395636600000000" />
<file name="borders2FF.jpg" server="ftp.elclubdelfutbol.com//public_html/" local="128713190760000000" remote="130395636600000000" />
<file name="borders2IE.jpg" server="ftp.elclubdelfutbol.com//public_html/" local="128713191400000000" remote="130395636600000000" />
<file name="borders3FF.jpg" server="ftp.elclubdelfutbol.com//public_html/" local="128718927400000000" remote="130395636600000000" />
<file name="borders3IE.jpg" server="ftp.elclubdelfutbol.com//public_html/" local="128718927780000000" remote="130395636600000000" />
<file name="borders4FF.jpg" server="ftp.elclubdelfutbol.com//public_html/" local="128719404240000000" remote="130395636600000000" />
<file name="borders4IE.jpg" server="ftp.elclubdelfutbol.com//public_html/" local="128719404920000000" remote="130395636600000000" />
<file name="bordersFF.jpg" server="ftp.elclubdelfutbol.com//public_html/" local="128712761000000000" remote="130395636600000000" />
<file name="bordersIE.jpg" server="ftp.elclubdelfutbol.com//public_html/" local="128712760780000000" remote="130395636600000000" />
<file name="bordersMPDF2.jpg" server="ftp.elclubdelfutbol.com//public_html/" local="128942632900000000" remote="130395636600000000" />
<file name="clematis.jpg" server="ftp.elclubdelfutbol.com//public_html/" local="129267518480000000" remote="130395636600000000" />
<file name="example01_basic.php" server="ftp.elclubdelfutbol.com//public_html/" local="129300046760000000" remote="130395636600000000" />
<file name="example02_CSS_styles.php" server="ftp.elclubdelfutbol.com//public_html/" local="129299099160000000" remote="130395636600000000" />
<file name="example03_backgrounds_and_borders.php" server="ftp.elclubdelfutbol.com//public_html/" local="129220006600000000" remote="130395636600000000" />
<file name="example04_images.php" server="ftp.elclubdelfutbol.com//public_html/" local="129416583240000000" remote="130395636600000000" />
<file name="example05_tables.php" server="ftp.elclubdelfutbol.com//public_html/" local="129240598520000000" remote="130395636600000000" />
<file name="example06_tables_nested.php" server="ftp.elclubdelfutbol.com//public_html/" local="129423046540000000" remote="130395637200000000" />
<file name="example07_tables_borders.php" server="ftp.elclubdelfutbol.com//public_html/" local="129292514380000000" remote="130395637200000000" />
<file name="example08_lists.php" server="ftp.elclubdelfutbol.com//public_html/" local="129420202580000000" remote="130395637200000000" />
<file name="example09_forms.php" server="ftp.elclubdelfutbol.com//public_html/" local="129287721700000000" remote="130395637200000000" />
<file name="example10_floating_and_fixed_position_elements.php" server="ftp.elclubdelfutbol.com//public_html/" local="129470473220000000" remote="130395637200000000" />
<file name="example11_overflow_auto.php" server="ftp.elclubdelfutbol.com//public_html/" local="129220009380000000" remote="130395637200000000" />
<file name="example12_paging_html.php" server="ftp.elclubdelfutbol.com//public_html/" local="129220009520000000" remote="130395637200000000" />
<file name="example13_paging_css.php" server="ftp.elclubdelfutbol.com//public_html/" local="129220009680000000" remote="130395637200000000" />
<file name="example14_page_numbers_ToC_Index_Bookmarks.php" server="ftp.elclubdelfutbol.com//public_html/" local="129301195300000000" remote="130395637200000000" />
<file name="example15_headers_method_1.php" server="ftp.elclubdelfutbol.com//public_html/" local="129220010300000000" remote="130395637200000000" />
<file name="example16_headers_method_2.php" server="ftp.elclubdelfutbol.com//public_html/" local="129263681120000000" remote="130395637200000000" />
<file name="example17_headers_method_3.php" server="ftp.elclubdelfutbol.com//public_html/" local="129263681500000000" remote="130395637200000000" />
<file name="example18_headers_method_4.php" server="ftp.elclubdelfutbol.com//public_html/" local="129263713260000000" remote="130395637200000000" />
<file name="example19_page_sizes.php" server="ftp.elclubdelfutbol.com//public_html/" local="129220011160000000" remote="130395637200000000" />
<file name="example20_justify.php" server="ftp.elclubdelfutbol.com//public_html/" local="129525854720000000" remote="130395637200000000" />
<file name="example21_hyphenation.php" server="ftp.elclubdelfutbol.com//public_html/" local="129287020500000000" remote="130395637200000000" />
<file name="example22_columns.php" server="ftp.elclubdelfutbol.com//public_html/" local="129525795840000000" remote="130395637200000000" />
<file name="example23_orientation.php" server="ftp.elclubdelfutbol.com//public_html/" local="129220012040000000" remote="130395637200000000" />
<file name="example24_orientation_2.php" server="ftp.elclubdelfutbol.com//public_html/" local="129220012180000000" remote="130395637200000000" />
<file name="example26_RTL.php" server="ftp.elclubdelfutbol.com//public_html/" local="129525792600000000" remote="130395637200000000" />
<file name="example27_CJK_using_Adobe_fonts.php" server="ftp.elclubdelfutbol.com//public_html/" local="129288062060000000" remote="130395637200000000" />
<file name="example28_CJK_using_embedded_fonts.php" server="ftp.elclubdelfutbol.com//public_html/" local="129288058120000000" remote="130395637200000000" />
<file name="example29_multilingual_autofont.php" server="ftp.elclubdelfutbol.com//public_html/" local="129433413260000000" remote="130395637200000000" />
<file name="example30_arabic.php" server="ftp.elclubdelfutbol.com//public_html/" local="129432978000000000" remote="130395637200000000" />
<file name="example32_indic.php" server="ftp.elclubdelfutbol.com//public_html/" local="129529263180000000" remote="130395637200000000" />
<file name="example35_watermarks.php" server="ftp.elclubdelfutbol.com//public_html/" local="129240599340000000" remote="130395637200000000" />
<file name="example36_annotations_and_Attached_files.php" server="ftp.elclubdelfutbol.com//public_html/" local="129402344320000000" remote="130395637200000000" />
<file name="example37_barcodes.php" server="ftp.elclubdelfutbol.com//public_html/" local="129267469080000000" remote="130395637200000000" />
<file name="example38_dot_tab.php" server="ftp.elclubdelfutbol.com//public_html/" local="129414754640000000" remote="130395637200000000" />
<file name="example39_PDFA_compliance.php" server="ftp.elclubdelfutbol.com//public_html/" local="129236363920000000" remote="130395637200000000" />
<file name="example40_MPDFI_thumbnails.php" server="ftp.elclubdelfutbol.com//public_html/" local="129093441060000000" remote="130395637200000000" />
<file name="example41_MPDFI_template.php" server="ftp.elclubdelfutbol.com//public_html/" local="129093441200000000" remote="130395637200000000" />
<file name="example42_MPDFI_templatedoc.php" server="ftp.elclubdelfutbol.com//public_html/" local="129108567260000000" remote="130395637200000000" />
<file name="example43_MPDFI_booklet.php" server="ftp.elclubdelfutbol.com//public_html/" local="129220017440000000" remote="130395637200000000" />
<file name="example44_MPDFI_yearbook.php" server="ftp.elclubdelfutbol.com//public_html/" local="129093441980000000" remote="130395637200000000" />
<file name="example46_progress_bars_simple.php" server="ftp.elclubdelfutbol.com//public_html/" local="129294802960000000" remote="130395637200000000" />
<file name="example47_progress_bars_simple_custom.php" server="ftp.elclubdelfutbol.com//public_html/" local="129294667960000000" remote="130395637200000000" />
<file name="example48_progress_bars_advanced.php" server="ftp.elclubdelfutbol.com//public_html/" local="129294668460000000" remote="130395637200000000" />
<file name="example49_changelog.php" server="ftp.elclubdelfutbol.com//public_html/" local="129724514460000000" remote="130395637200000000" />
<file name="example50_new_mPDF_3_features.php" server="ftp.elclubdelfutbol.com//public_html/" local="129220018320000000" remote="130395637200000000" />
<file name="example51_new_mPDF_4_features.php" server="ftp.elclubdelfutbol.com//public_html/" local="129220020740000000" remote="130395637200000000" />
<file name="example52_lineheight.htm" server="ftp.elclubdelfutbol.com//public_html/" local="129090799700000000" remote="130395637200000000" />
<file name="example52_new_mPDF_4-2_features.php" server="ftp.elclubdelfutbol.com//public_html/" local="129369837120000000" remote="130395637200000000" />
<file name="example53_new_mPDF_v5-0_fonts.php" server="ftp.elclubdelfutbol.com//public_html/" local="129365848940000000" remote="130395637800000000" />
<file name="example54_new_mPDF_v5-1_features_gradients_and_images.php" server="ftp.elclubdelfutbol.com//public_html/" local="129409994420000000" remote="130395637800000000" />
<file name="example55_new_mPDF_v5-1_color_and_other_features.php" server="ftp.elclubdelfutbol.com//public_html/" local="129525818120000000" remote="130395637800000000" />
<file name="example56_new_mPDF_v5-1_features_grayscale.php" server="ftp.elclubdelfutbol.com//public_html/" local="129435969500000000" remote="130395637800000000" />
<file name="example57_new_mPDF_v5-3_active_forms.php" server="ftp.elclubdelfutbol.com//public_html/" local="129547894960000000" remote="130395637800000000" />
<file name="example57_new_mPDF_v5-3_active_forms_b.php" server="ftp.elclubdelfutbol.com//public_html/" local="129620035980000000" remote="130395637800000000" />
<file name="example58_new_mPDF_v5-4_features.php" server="ftp.elclubdelfutbol.com//public_html/" local="129737402060000000" remote="130395637800000000" />
<file name="example59_new_mPDF_v5-6_features.php" server="ftp.elclubdelfutbol.com//public_html/" local="130021829320000000" remote="130395637800000000" />
<file name="firefox-48.png" server="ftp.elclubdelfutbol.com//public_html/" local="129380634740000000" remote="130395637800000000" />
<file name="flowers-pattern.jpg" server="ftp.elclubdelfutbol.com//public_html/" local="129380634840000000" remote="130395637800000000" />
<file name="formsubmit.php" server="ftp.elclubdelfutbol.com//public_html/" local="129547898920000000" remote="130395637800000000" />
<file name="goto.gif" server="ftp.elclubdelfutbol.com//public_html/" local="126859602600000000" remote="130395637800000000" />
<file name="img1.png" server="ftp.elclubdelfutbol.com//public_html/" local="129073128420000000" remote="130395637800000000" />
<file name="img2.png" server="ftp.elclubdelfutbol.com//public_html/" local="129073128880000000" remote="130395637800000000" />
<file name="img3.png" server="ftp.elclubdelfutbol.com//public_html/" local="129073129320000000" remote="130395637800000000" />
<file name="img4.png" server="ftp.elclubdelfutbol.com//public_html/" local="129073129820000000" remote="130395637800000000" />
<file name="img5.png" server="ftp.elclubdelfutbol.com//public_html/" local="129073138460000000" remote="130395637800000000" />
<file name="index.php" server="ftp.elclubdelfutbol.com//public_html/" local="129263183220000000" remote="130395637800000000" />
<file name="klematis.jpg" server="ftp.elclubdelfutbol.com//public_html/" local="128808761940000000" remote="130395637800000000" />
<file name="loading.gif" server="ftp.elclubdelfutbol.com//public_html/" local="128247054580000000" remote="130395637800000000" />
<file name="mpdfstyleA4.css" server="ftp.elclubdelfutbol.com//public_html/" local="129299272460000000" remote="130395637800000000" />
<file name="mpdfstylePaged.css" server="ftp.elclubdelfutbol.com//public_html/" local="129516345820000000" remote="130395637800000000" />
<file name="mpdfstyletables.css" server="ftp.elclubdelfutbol.com//public_html/" local="129302059960000000" remote="130395637800000000" />
<file name="quran282.jpg" server="ftp.elclubdelfutbol.com//public_html/" local="128991747680000000" remote="130395637800000000" />
<file name="sample_basic.pdf" server="ftp.elclubdelfutbol.com//public_html/" local="128993537200000000" remote="130395637800000000" />
<file name="sample_logoheader2.pdf" server="ftp.elclubdelfutbol.com//public_html/" local="128833660260000000" remote="130395637800000000" />
<file name="sample_orientation2.pdf" server="ftp.elclubdelfutbol.com//public_html/" local="128818226440000000" remote="130395637800000000" />
<file name="sample_orientation3.pdf" server="ftp.elclubdelfutbol.com//public_html/" local="128818233360000000" remote="130395637800000000" />
<file name="show_code.php" server="ftp.elclubdelfutbol.com//public_html/" local="129700195600000000" remote="130395637800000000" />
<file name="sunset.jpg" server="ftp.elclubdelfutbol.com//public_html/" local="128230646260000000" remote="130395637800000000" />
<file name="sunsetv.jpg" server="ftp.elclubdelfutbol.com//public_html/" local="129069541440000000" remote="130395637800000000" />
<file name="test.pdf" server="ftp.elclubdelfutbol.com//public_html/" local="129432982940000000" remote="130395637800000000" />
<file name="tiger" server="ftp.elclubdelfutbol.com//public_html/" local="129267517460000000" remote="130395637800000000" />
<file name="tiger.bmp" server="ftp.elclubdelfutbol.com//public_html/" local="129267515940000000" remote="130395637800000000" />
<file name="tiger.gif" server="ftp.elclubdelfutbol.com//public_html/" local="129048843940000000" remote="130395638400000000" />
<file name="tiger.jpg" server="ftp.elclubdelfutbol.com//public_html/" local="128787105700000000" remote="130395638400000000" />
<file name="tiger.php" server="ftp.elclubdelfutbol.com//public_html/" local="129135218100000000" remote="130395638400000000" />
<file name="tiger.png" server="ftp.elclubdelfutbol.com//public_html/" local="129267517460000000" remote="130395638400000000" />
<file name="tiger.svg" server="ftp.elclubdelfutbol.com//public_html/" local="129135238240000000" remote="130395638400000000" />
<file name="tiger.wmf" server="ftp.elclubdelfutbol.com//public_html/" local="128787111520000000" remote="130395638400000000" />
<file name="tiger2.png" server="ftp.elclubdelfutbol.com//public_html/" local="129388398700000000" remote="130395638400000000" />
<file name="tiger2.wmf" server="ftp.elclubdelfutbol.com//public_html/" local="129134245800000000" remote="130395638400000000" />
<file name="tiger24trns.png" server="ftp.elclubdelfutbol.com//public_html/" local="129052919260000000" remote="130395638400000000" />
<file name="tiger300px300dpi.jpg" server="ftp.elclubdelfutbol.com//public_html/" local="129385711440000000" remote="130395638400000000" />
<file name="tiger300px300dpi.png" server="ftp.elclubdelfutbol.com//public_html/" local="129388463820000000" remote="130395638400000000" />
<file name="tiger300px72dpi.jpg" server="ftp.elclubdelfutbol.com//public_html/" local="129385711020000000" remote="130395638400000000" />
<file name="tiger300px96dpi.jpg" server="ftp.elclubdelfutbol.com//public_html/" local="129385711260000000" remote="130395638400000000" />
<file name="tiger300px96dpi.png" server="ftp.elclubdelfutbol.com//public_html/" local="129388463600000000" remote="130395638400000000" />
<file name="tiger8trns.gif" server="ftp.elclubdelfutbol.com//public_html/" local="129052920200000000" remote="130395638400000000" />
<file name="tiger8trns.png" server="ftp.elclubdelfutbol.com//public_html/" local="129052910040000000" remote="130395638400000000" />
<file name="tigercmyk.jpg" server="ftp.elclubdelfutbol.com//public_html/" local="129267517000000000" remote="130395638400000000" />
<file name="tux.svg" server="ftp.elclubdelfutbol.com//public_html/" local="129393325080000000" remote="130395638400000000" />
<file name="windmill.jpg" server="ftp.elclubdelfutbol.com//public_html/" local="129379861240000000" remote="130395638400000000" />
</dwsync>