<?xml version="1.0" encoding="utf-8" ?>
<dwsync>
<file name="mpdf.php" server="ftp.gimnasiolasabana.com/public_html/gimnasiolasabana.com/" local="130094380023232421" remote="130094380200000000" />
<file name="README.txt" server="ftp.gimnasiolasabana.com/public_html/gimnasiolasabana.com/" local="129549975420000000" remote="130094110800000000" />
<file name="CHANGELOG.txt" server="ftp.gimnasiolasabana.com/public_html/gimnasiolasabana.com/" local="130031974060000000" remote="130094107200000000" />
<file name="compress.php" server="ftp.gimnasiolasabana.com/public_html/gimnasiolasabana.com/" local="129701300220000000" remote="130094107200000000" />
<file name="config.php" server="ftp.gimnasiolasabana.com/public_html/gimnasiolasabana.com/" local="130031858200000000" remote="130094107200000000" />
<file name="config_cp.php" server="ftp.gimnasiolasabana.com/public_html/gimnasiolasabana.com/" local="129435930920000000" remote="130094107200000000" />
<file name="config_fonts.php" server="ftp.gimnasiolasabana.com/public_html/gimnasiolasabana.com/" local="130031982140000000" remote="130094107200000000" />
<file name="CREDITS.txt" server="ftp.gimnasiolasabana.com/public_html/gimnasiolasabana.com/" local="129241562840000000" remote="130094107200000000" />
<file name="FONT INFO.txt" server="ftp.gimnasiolasabana.com/public_html/gimnasiolasabana.com/" local="129529933900000000" remote="130094109600000000" />
<file name="graph.php" server="ftp.gimnasiolasabana.com/public_html/gimnasiolasabana.com/" local="129221485340000000" remote="130094109600000000" />
<file name="LICENSE.txt" server="ftp.gimnasiolasabana.com/public_html/gimnasiolasabana.com/" local="128303154160000000" remote="130094110200000000" />
<file name="mpdf.css" server="ftp.gimnasiolasabana.com/public_html/gimnasiolasabana.com/" local="129088412900000000" remote="130094110200000000" />
<file name="progbar.css" server="ftp.gimnasiolasabana.com/public_html/gimnasiolasabana.com/" local="130087959643310546" remote="130094110800000000" />
<file name="libreta.css" server="ftp.gimnasiolasabana.com/public_html/gimnasiolasabana.com/" local="130089783775058593" remote="130094110200000000" />
<file name="CHANGELOG.txt" server="ftp.elclubdelfutbol.com//public_html/" local="130031974060000000" remote="130395636000000000" />
<file name="compress.php" server="ftp.elclubdelfutbol.com//public_html/" local="129701300220000000" remote="130395636600000000" />
<file name="config.php" server="ftp.elclubdelfutbol.com//public_html/" local="130031858200000000" remote="130395636600000000" />
<file name="config_cp.php" server="ftp.elclubdelfutbol.com//public_html/" local="129435930920000000" remote="130395636600000000" />
<file name="config_fonts.php" server="ftp.elclubdelfutbol.com//public_html/" local="130031982140000000" remote="130395636600000000" />
<file name="CREDITS.txt" server="ftp.elclubdelfutbol.com//public_html/" local="129241562840000000" remote="130395636600000000" />
<file name="FONT INFO.txt" server="ftp.elclubdelfutbol.com//public_html/" local="129529933900000000" remote="130395639000000000" />
<file name="graph.php" server="ftp.elclubdelfutbol.com//public_html/" local="129221485340000000" remote="130395639000000000" />
<file name="libreta.css" server="ftp.elclubdelfutbol.com//public_html/" local="130089783775058593" remote="130395639600000000" />
<file name="LICENSE.txt" server="ftp.elclubdelfutbol.com//public_html/" local="128303154160000000" remote="130395639600000000" />
<file name="mpdf.css" server="ftp.elclubdelfutbol.com//public_html/" local="129088412900000000" remote="130395639600000000" />
<file name="mpdf.php" server="ftp.elclubdelfutbol.com//public_html/" local="130094380023232421" remote="130395640200000000" />
<file name="progbar.css" server="ftp.elclubdelfutbol.com//public_html/" local="130087959643310546" remote="130395640800000000" />
<file name="README.txt" server="ftp.elclubdelfutbol.com//public_html/" local="129549975420000000" remote="130395640800000000" />
</dwsync>