<?xml version="1.0" encoding="utf-8" ?>
<dwsync>
<file name="dummy.txt" server="ftp.gimnasiolasabana.com/public_html/gimnasiolasabana.com/" local="129090934360000000" remote="130094111400000000" />
<file name="dejavuserifcondensed.cw.dat" server="ftp.gimnasiolasabana.com/public_html/gimnasiolasabana.com/" local="130088982438740234" remote="130094110800000000" />
<file name="dejavuserifcondensed.cw127.php" server="ftp.gimnasiolasabana.com/public_html/gimnasiolasabana.com/" local="130088982452529296" remote="130094110800000000" />
<file name="dejavuserifcondensed.mtx.php" server="ftp.gimnasiolasabana.com/public_html/gimnasiolasabana.com/" local="130088982438691406" remote="130094110800000000" />
<file name="dejavuserifcondensedB.cw.dat" server="ftp.gimnasiolasabana.com/public_html/gimnasiolasabana.com/" local="130088982440800781" remote="130094110800000000" />
<file name="dejavuserifcondensedB.cw127.php" server="ftp.gimnasiolasabana.com/public_html/gimnasiolasabana.com/" local="130088982455869140" remote="130094110800000000" />
<file name="dejavuserifcondensedB.mtx.php" server="ftp.gimnasiolasabana.com/public_html/gimnasiolasabana.com/" local="130088982440761718" remote="130094110800000000" />
<file name="dejavuserifcondensedI.cw.dat" server="ftp.gimnasiolasabana.com/public_html/gimnasiolasabana.com/" local="130088982447431640" remote="130094110800000000" />
<file name="dejavuserifcondensedI.mtx.php" server="ftp.gimnasiolasabana.com/public_html/gimnasiolasabana.com/" local="130088982447402343" remote="130094111400000000" />
<file name="dejavuserifcondensed.cw.dat" server="ftp.elclubdelfutbol.com//public_html/" local="130088982438740234" remote="130395640800000000" />
<file name="dejavuserifcondensed.cw127.php" server="ftp.elclubdelfutbol.com//public_html/" local="130088982452529296" remote="130395640800000000" />
<file name="dejavuserifcondensed.mtx.php" server="ftp.elclubdelfutbol.com//public_html/" local="130088982438691406" remote="130395640800000000" />
<file name="dejavuserifcondensedB.cw.dat" server="ftp.elclubdelfutbol.com//public_html/" local="130088982440800781" remote="130395640800000000" />
<file name="dejavuserifcondensedB.cw127.php" server="ftp.elclubdelfutbol.com//public_html/" local="130088982455869140" remote="130395640800000000" />
<file name="dejavuserifcondensedB.mtx.php" server="ftp.elclubdelfutbol.com//public_html/" local="130088982440761718" remote="130395640800000000" />
<file name="dejavuserifcondensedI.cw.dat" server="ftp.elclubdelfutbol.com//public_html/" local="130088982447431640" remote="130395640800000000" />
<file name="dejavuserifcondensedI.mtx.php" server="ftp.elclubdelfutbol.com//public_html/" local="130088982447402343" remote="130395640800000000" />
<file name="dummy.txt" server="ftp.elclubdelfutbol.com//public_html/" local="129090934360000000" remote="130395640800000000" />
</dwsync>